login,full_name,created_at,stargazers_count,watchers_count,language,has_projects,has_wiki,license
sadanandpai,sadanandpai/purefrontend,2020-06-25T11:10:03Z,204,204,TypeScript,TRUE,TRUE,
raisedadead,raisedadead/portfolio,2015-12-18T18:18:59Z,21,21,TypeScript,FALSE,FALSE,isc
sadanandpai,sadanandpai/javascript-code-challenges,2020-11-20T13:10:04Z,4254,4254,MDX,TRUE,TRUE,mit
dhruvmanila,dhruvmanila/dotfiles,2020-09-11T16:36:38Z,21,21,Lua,FALSE,FALSE,mit
collabnix,collabnix/awesome-testcontainers,2024-10-09T11:49:44Z,42,42,,TRUE,TRUE,
knadh,knadh/listmonk,2019-06-26T05:08:39Z,15088,15088,Go,TRUE,FALSE,agpl-3.0
raisedadead,raisedadead/homelab,2023-02-17T11:58:25Z,6,6,HCL,TRUE,FALSE,isc
raisedadead,raisedadead/freeCodeCamp,2021-02-21T06:34:34Z,2,2,TypeScript,FALSE,FALSE,bsd-3-clause
theapache64,theapache64/benchart,2022-11-15T14:21:25Z,137,137,Kotlin,TRUE,TRUE,apache-2.0
raisedadead,raisedadead/action-docr-cleanup,2023-09-13T23:16:27Z,3,3,Shell,TRUE,FALSE,mit
aakashns,aakashns/aakashns,2020-12-11T03:58:14Z,1,1,,TRUE,TRUE,
Shubham0812,Shubham0812/Matrix_UI,2024-10-28T08:16:34Z,0,0,Swift,TRUE,FALSE,mit
scaleracademy,scaleracademy/DevOps-Introduction-Assignments-Git-GitHub-and-YAML,2024-10-26T21:58:33Z,0,0,,TRUE,TRUE,
adityaoberai,adityaoberai/auth-demo,2024-10-23T15:02:24Z,0,0,Svelte,TRUE,TRUE,
raisedadead,raisedadead/travel-router,2024-06-23T15:01:54Z,3,3,Vim Script,FALSE,FALSE,isc
aashutoshrathi,aashutoshrathi/aashutoshrathi,2020-07-09T06:56:51Z,10,10,,TRUE,TRUE,
sadanandpai,sadanandpai/frontend-mini-challenges,2021-06-28T17:36:25Z,2076,2076,JavaScript,FALSE,FALSE,mit
raisedadead,raisedadead/dotfiles,2017-06-30T13:41:38Z,10,10,Shell,FALSE,FALSE,isc
scaleracademy,scaleracademy/devops-opensource-project,2024-10-20T14:08:29Z,0,0,,TRUE,TRUE,
Shubham0812,Shubham0812/iOS-Event-Notes,2024-10-19T07:17:45Z,6,6,,TRUE,TRUE,
raisedadead,raisedadead/Brewfile,2017-06-30T19:58:13Z,4,4,Ruby,FALSE,FALSE,unlicense
ajeetraina,ajeetraina/awesome-testcontainers,2024-10-09T12:57:49Z,0,0,,TRUE,TRUE,
collabnix,collabnix/awesome-docker-scout,2023-08-25T10:12:01Z,20,20,,TRUE,TRUE,
DeekshithSN,DeekshithSN/AWS-Terraform,2020-09-04T08:54:41Z,8,8,HCL,TRUE,TRUE,
sadanandpai,sadanandpai/frontend-learning-kit,2021-06-05T04:17:15Z,4327,4327,,TRUE,TRUE,mit
raisedadead,raisedadead/github-ssh-keys-demo,2022-06-12T12:06:58Z,2,2,TypeScript,TRUE,TRUE,isc
dhruvmanila,dhruvmanila/neovim,2021-05-17T06:08:56Z,1,1,Vim Script,TRUE,TRUE,other
knadh,knadh/koanf,2019-06-18T06:34:05Z,2768,2768,Go,TRUE,TRUE,mit
theapache64,theapache64/auto-motion,2021-02-21T10:58:38Z,5,5,Kotlin,TRUE,TRUE,apache-2.0
raisedadead,raisedadead/contribute,2024-05-21T06:48:04Z,0,0,MDX,TRUE,FALSE,bsd-3-clause
goru001,goru001/goru001.github.io,2019-12-15T08:24:20Z,2,2,Liquid,TRUE,TRUE,mit
aashutoshrathi,aashutoshrathi/awesome-micro-rollups,2024-03-16T12:35:01Z,7,7,,TRUE,TRUE,
knadh,knadh/floatype.js,2023-11-25T17:46:48Z,87,87,JavaScript,TRUE,TRUE,mit
SamirPaulb,SamirPaulb/github-readme-stats,2022-10-28T16:39:35Z,8,8,JavaScript,TRUE,FALSE,mit
theapache64,theapache64/bucker,2024-08-15T14:25:44Z,2,2,Kotlin,TRUE,TRUE,
aakashns,aakashns/aakashns.com,2023-12-05T05:32:31Z,1,1,CSS,TRUE,TRUE,mit
DeekshithSN,DeekshithSN/flipkart,2024-08-03T14:17:44Z,1,1,,FALSE,FALSE,
rbhatia46,rbhatia46/Data-Science-Interview-Resources,2018-11-22T19:48:36Z,2752,2752,,TRUE,TRUE,mit
SamirPaulb,SamirPaulb/DSAlgo,2021-11-18T06:07:17Z,2092,2092,Python,TRUE,TRUE,other
Shubham0812,Shubham0812/Download_UI,2024-08-04T09:15:22Z,0,0,,TRUE,TRUE,apache-2.0
knadh,knadh/git-bars,2018-11-27T11:07:43Z,95,95,Python,TRUE,TRUE,mit
knadh,knadh/dictpress,2019-08-25T07:32:32Z,360,360,Go,TRUE,TRUE,agpl-3.0
dhruvmanila,dhruvmanila/nvim-lspconfig,2024-03-09T05:31:41Z,0,0,Lua,TRUE,TRUE,apache-2.0
aagarwal1012,aagarwal1012/Image-Steganography-Library-Android,2018-05-15T05:58:39Z,154,154,Java,TRUE,TRUE,mit
raisedadead,raisedadead/infra,2024-07-09T22:35:57Z,0,0,HCL,TRUE,FALSE,bsd-3-clause
raisedadead,raisedadead/template-nodejs,2022-06-11T14:54:34Z,0,0,,TRUE,FALSE,isc
collabnix,collabnix/awesome-localstack,2024-07-08T09:08:45Z,0,0,,TRUE,TRUE,
SamirPaulb,SamirPaulb/hugo-PaperMod,2024-01-08T13:40:01Z,4,4,HTML,TRUE,TRUE,mit
adityaoberai,adityaoberai/.NET-OpenAI-Sample,2024-07-03T13:16:09Z,0,0,C#,TRUE,TRUE,
raisedadead,raisedadead/dotfiles-macos,2018-01-10T13:08:40Z,3,3,JavaScript,FALSE,FALSE,
knadh,knadh/dns.toys,2022-06-01T17:21:33Z,2497,2497,Go,FALSE,FALSE,mit
aashutoshrathi,aashutoshrathi/backup-blog.aashutosh.dev,2022-11-26T15:52:36Z,2,2,,TRUE,TRUE,
aakashns,aakashns/anatomy-of-a-form,2024-06-16T11:10:29Z,0,0,JavaScript,TRUE,TRUE,
dhruvmanila,dhruvmanila/nvim-lint,2021-04-06T15:25:10Z,1,1,Lua,TRUE,TRUE,gpl-3.0
ajeetraina,ajeetraina/arm-learning-paths,2024-06-24T16:20:45Z,0,0,JavaScript,TRUE,TRUE,other
dhruvmanila,dhruvmanila/Automated-Fuzzer,2024-06-24T10:42:35Z,0,0,Rust,TRUE,TRUE,
connectit2anand,connectit2anand/ComapnyNameAssignment,2024-06-24T03:06:29Z,0,0,,TRUE,TRUE,
aagarwal1012,aagarwal1012/Animated-Text-Kit,2018-08-03T10:53:45Z,1668,1668,Dart,TRUE,TRUE,mit
krishnadey30,krishnadey30/LeetCode-Questions-CompanyWise,2020-08-11T14:57:24Z,11338,11338,,TRUE,TRUE,
raisedadead,raisedadead/zsh-snr,2024-06-18T06:33:16Z,0,0,Shell,TRUE,TRUE,isc
DeekshithSN,DeekshithSN/images,2024-06-12T05:03:34Z,1,1,,TRUE,TRUE,
ragunathjawahar,ragunathjawahar/apps-android-wikipedia,2024-06-12T05:09:23Z,0,0,,TRUE,FALSE,apache-2.0
aashutoshrathi,aashutoshrathi/bun,2024-06-01T11:19:25Z,0,0,Zig,TRUE,FALSE,other
sadanandpai,sadanandpai/dsa-interview-challenges,2021-05-01T14:49:15Z,374,374,MDX,TRUE,TRUE,mit
mitesh77,mitesh77/Best-Flutter-UI-Templates,2019-09-02T08:36:18Z,20393,20393,Dart,TRUE,TRUE,other
theapache64,theapache64/avgizer,2022-08-25T09:50:46Z,4,4,Kotlin,TRUE,TRUE,apache-2.0
aryan-0077,aryan-0077/Competitive-Programming,2023-01-22T17:19:26Z,20,20,,TRUE,TRUE,
SoumyaSagnik,SoumyaSagnik/DSA,2024-05-03T15:57:04Z,0,0,JavaScript,TRUE,TRUE,
adityaoberai,adityaoberai/AI-Crystal-Ball,2024-04-18T13:08:27Z,1,1,Svelte,TRUE,TRUE,
SoumyaSagnik,SoumyaSagnik/Extended-Notes,2023-03-11T14:49:10Z,0,0,JavaScript,TRUE,TRUE,
theapache64,theapache64/backgroundthreadpoc,2024-05-16T07:36:23Z,0,0,Kotlin,TRUE,TRUE,
adityaoberai,adityaoberai/Alt-Text-Generator,2023-04-29T13:19:08Z,137,137,Svelte,TRUE,TRUE,gpl-3.0
raisedadead,raisedadead/zsh-touchplus,2023-05-10T12:21:10Z,3,3,Shell,FALSE,FALSE,isc
theapache64,theapache64/auto-weather-control,2024-04-05T19:16:10Z,2,2,C++,TRUE,FALSE,
raisedadead,raisedadead/dotfiles-nvim,2023-05-10T19:39:53Z,1,1,,TRUE,TRUE,isc
adityaoberai,adityaoberai/adityaoberai,2020-10-01T13:25:29Z,5,5,,TRUE,TRUE,
krishnadey30,krishnadey30/FyleApp,2019-07-25T20:20:30Z,1,1,Python,TRUE,TRUE,
SoumyaSagnik,SoumyaSagnik/Interview-Questions,2023-03-06T11:03:40Z,1,1,,TRUE,TRUE,
knadh,knadh/dragmove.js,2020-09-15T10:07:26Z,829,829,JavaScript,TRUE,TRUE,mit
sadanandpai,sadanandpai/algo-visualizers,2021-06-05T05:45:43Z,678,678,TypeScript,TRUE,TRUE,mit
adityaoberai,adityaoberai/appwrite-email-otp-demo,2024-04-04T21:00:34Z,1,1,Svelte,TRUE,TRUE,
raisedadead,raisedadead/zsh-smartinput,2024-03-06T08:37:31Z,1,1,Shell,TRUE,TRUE,mit
raisedadead,raisedadead/zsh-gso,2023-09-03T23:21:10Z,1,1,Shell,TRUE,TRUE,isc
dhruvmanila,dhruvmanila/browser-bookmarks.nvim,2021-04-22T12:29:56Z,206,206,Lua,TRUE,TRUE,mit
dhruvmanila,dhruvmanila/conform.nvim,2024-03-24T06:37:46Z,0,0,,TRUE,FALSE,mit
raisedadead,raisedadead/zsh-awsssh,2024-02-20T09:48:53Z,3,3,Shell,FALSE,FALSE,isc
knadh,knadh/csv2json,2021-10-23T14:12:48Z,39,39,Zig,TRUE,TRUE,mit
adityaoberai,adityaoberai/appwrite-livestream-react-vs-svelte,2024-03-20T17:41:03Z,0,0,JavaScript,TRUE,TRUE,
shyvum,shyvum/Canape,2018-10-18T16:04:38Z,4,4,HTML,TRUE,TRUE,mit
DeekshithSN,DeekshithSN/CICD_Java_gradle_application,2021-10-03T11:03:24Z,104,104,HTML,TRUE,TRUE,
SamirPaulb,SamirPaulb/interviewbit,2023-08-12T11:24:45Z,4,4,HTML,TRUE,TRUE,
ajeetraina,ajeetraina/.github-1,2024-10-09T14:42:57Z,0,0,,TRUE,TRUE,
theapache64,theapache64/android-benchmark,2023-07-27T03:52:38Z,3,3,Kotlin,TRUE,TRUE,
knadh,knadh/go-pop3,2021-06-27T14:41:55Z,77,77,Go,TRUE,TRUE,mit
raisedadead,raisedadead/ama,2017-10-23T20:30:50Z,10,10,,FALSE,FALSE,
raisedadead,raisedadead/template,2023-05-10T12:10:55Z,0,0,,TRUE,TRUE,isc
adityaoberai,adityaoberai/BackgroundRemover,2023-10-13T13:07:08Z,21,21,Svelte,TRUE,TRUE,bsd-3-clause
goru001,goru001/inltk,2019-03-23T08:28:20Z,816,816,Python,TRUE,TRUE,mit
scaleracademy,scaleracademy/dsml-december-advance-python,2023-12-20T17:22:54Z,1,1,Jupyter Notebook,TRUE,TRUE,
dhruvmanila,dhruvmanila/advent-of-code,2020-08-30T03:56:41Z,4,4,Go,TRUE,TRUE,mit
aakashns,aakashns/clojurescript-cloudflare-pages,2024-01-01T11:41:47Z,3,3,Clojure,TRUE,TRUE,mit
aakashns,aakashns/cloudflare-clojurescript-htmx-demo,2024-01-01T09:45:08Z,0,0,,TRUE,TRUE,mit
SamirPaulb,SamirPaulb/ide,2022-07-14T10:33:01Z,16,16,HTML,TRUE,TRUE,
collabnix,collabnix/awesome-ioc-scanner-cve,2023-11-15T10:28:53Z,1,1,,TRUE,TRUE,
scaleracademy,scaleracademy/dsml-feb23-beginner-mon1,2023-11-10T14:29:18Z,0,0,Jupyter Notebook,TRUE,TRUE,
theapache64,theapache64/aoc-2023,2023-12-01T10:03:37Z,0,0,Kotlin,TRUE,TRUE,
knadh,knadh/autocomp.js,2023-08-27T17:42:34Z,307,307,JavaScript,FALSE,FALSE,mit
aashutoshrathi,aashutoshrathi/class-validator,2023-11-28T17:07:41Z,0,0,,TRUE,FALSE,mit
scaleracademy,scaleracademy/dsml-feb23-beginner-morning-tue,2023-04-21T03:53:04Z,6,6,Jupyter Notebook,TRUE,TRUE,
pranavhunagund1993,pranavhunagund1993/Contact-Card-Design,2023-11-22T05:41:50Z,1,1,CSS,TRUE,TRUE,
pranavhunagund1993,pranavhunagund1993/CSS-Card-Design,2023-11-21T05:15:41Z,0,0,HTML,TRUE,TRUE,
aakashns,aakashns/htadotai,2023-09-13T17:36:45Z,2,2,TypeScript,FALSE,FALSE,mit
pranavhunagund1993,pranavhunagund1993/CSS-Modal,2023-11-12T15:27:54Z,0,0,HTML,TRUE,TRUE,
pranavhunagund1993,pranavhunagund1993/CSS-Challenge-3,2023-11-10T12:45:27Z,0,0,CSS,TRUE,TRUE,
pranavhunagund1993,pranavhunagund1993/CSS-Challenge-2,2023-11-09T11:16:28Z,0,0,CSS,TRUE,TRUE,
pranavhunagund1993,pranavhunagund1993/CSS-Challenge-1,2023-11-08T08:40:33Z,0,0,CSS,TRUE,TRUE,
pranavhunagund1993,pranavhunagund1993/Card-UI,2023-11-07T12:35:36Z,0,0,CSS,TRUE,TRUE,
connectit2anand,connectit2anand/spring-security,2023-11-06T05:50:53Z,0,0,Java,TRUE,TRUE,
pranavhunagund1993,pranavhunagund1993/AXIT-Webpage,2023-11-05T17:19:57Z,0,0,CSS,TRUE,TRUE,
ajeetraina,ajeetraina/avatars,2023-11-01T14:45:04Z,0,0,JavaScript,TRUE,FALSE,
Shubham0812,Shubham0812/DailyTracker_UI,2023-10-07T16:01:53Z,11,11,Swift,TRUE,TRUE,apache-2.0
raisedadead,raisedadead/renovate-config,2022-06-15T05:14:10Z,2,2,,TRUE,TRUE,bsd-3-clause
SamirPaulb,SamirPaulb/MakeNotes,2021-05-05T10:59:56Z,21,21,JavaScript,TRUE,TRUE,
SamirPaulb,SamirPaulb/link,2021-12-21T21:21:39Z,24,24,CSS,TRUE,TRUE,mit
SamirPaulb,SamirPaulb/blog-hugo,2022-10-13T10:04:44Z,6,6,,TRUE,TRUE,cc0-1.0
SamirPaulb,SamirPaulb/music,2021-08-19T19:58:49Z,49,49,JavaScript,TRUE,TRUE,
SamirPaulb,SamirPaulb/blog-jekyll,2022-10-25T10:15:06Z,9,9,HTML,TRUE,TRUE,mit
SamirPaulb,SamirPaulb/links,2021-12-21T18:40:36Z,101,101,HTML,TRUE,TRUE,
SamirPaulb,SamirPaulb/autocomplete,2022-12-16T18:03:27Z,12,12,HTML,TRUE,TRUE,gpl-3.0
SamirPaulb,SamirPaulb/FileCompressor,2022-06-06T17:32:08Z,25,25,Python,TRUE,TRUE,
SamirPaulb,SamirPaulb/CodeforcesVisualizer,2021-05-05T12:07:10Z,18,18,HTML,TRUE,TRUE,
SamirPaulb,SamirPaulb/moreThanFAANGM,2022-05-10T03:47:47Z,13,13,,TRUE,TRUE,mit
pranavhunagund1993,pranavhunagund1993/Cloud-Hoisting-Service-UI,2023-10-26T05:02:36Z,0,0,HTML,TRUE,TRUE,
knadh,knadh/dont.build,2022-03-06T09:51:05Z,214,214,HTML,TRUE,TRUE,
pranavhunagund1993,pranavhunagund1993/Creative-Portfolio,2023-10-23T07:52:41Z,1,1,HTML,TRUE,TRUE,
connectit2anand,connectit2anand/connectit2anand,2023-04-23T16:06:10Z,0,0,,TRUE,TRUE,
pranavhunagund1993,pranavhunagund1993/Chat-Interface,2023-10-21T04:54:13Z,0,0,HTML,TRUE,TRUE,
connectit2anand,connectit2anand/bluno-technologies-pvt-ltd,2023-10-19T16:38:32Z,0,0,Java,TRUE,TRUE,
connectit2anand,connectit2anand/test,2023-10-19T16:36:39Z,0,0,,TRUE,TRUE,
SamirPaulb,SamirPaulb/LeetCode,2021-01-17T10:42:37Z,48,48,Python,TRUE,TRUE,other
pranavhunagund1993,pranavhunagund1993/Bike-UI-SVG,2023-10-12T05:48:20Z,2,2,HTML,TRUE,TRUE,
aagarwal1012,aagarwal1012/IntroViews-Flutter,2018-06-11T06:55:06Z,664,664,Dart,TRUE,TRUE,mit
SoumyaSagnik,SoumyaSagnik/Github-Insights,2023-10-08T17:39:13Z,0,0,,TRUE,TRUE,
pranavhunagund1993,pranavhunagund1993/Breakout-Game,2023-10-07T16:03:32Z,1,1,JavaScript,TRUE,TRUE,
ragunathjawahar,ragunathjawahar/java-keyring,2024-03-06T06:04:56Z,0,0,,TRUE,TRUE,other
ragunathjawahar,ragunathjawahar/ensemble-kata,2023-09-28T12:31:04Z,3,3,Kotlin,TRUE,TRUE,
raisedadead,raisedadead/terraform-beginner-bootcamp-2023,2023-09-23T16:46:28Z,0,0,HTML,TRUE,FALSE,mit
raisedadead,raisedadead/ansible,2023-09-23T06:17:42Z,0,0,,TRUE,TRUE,
pranavhunagund1993,pranavhunagund1993/3D-Product-Card,2023-09-20T10:47:13Z,0,0,CSS,TRUE,TRUE,
pranavhunagund1993,pranavhunagund1993/CSS-Loaders,2023-09-16T12:23:43Z,0,0,CSS,TRUE,TRUE,
pranavhunagund1993,pranavhunagund1993/Cosmo-Junkie-UI,2023-09-14T07:21:20Z,0,0,CSS,TRUE,TRUE,
connectit2anand,connectit2anand/Goldilocks_Assignment,2023-09-07T04:18:48Z,0,0,JavaScript,TRUE,TRUE,
pranavhunagund1993,pranavhunagund1993/Catch-The-Insect-Game,2023-09-12T16:13:47Z,2,2,JavaScript,TRUE,TRUE,
ragunathjawahar,ragunathjawahar/GildedRose-Refactoring-Kata,2023-09-11T07:52:07Z,0,0,C++,TRUE,TRUE,mit
raisedadead,raisedadead/karabiner-elements-complex-modifications,2022-08-07T19:32:51Z,1,1,,FALSE,FALSE,mit
raisedadead,raisedadead/raisedadead,2022-09-27T06:35:24Z,2,2,,FALSE,FALSE,
raisedadead,raisedadead/dotfiles-linux,2020-09-11T11:01:22Z,0,0,Ruby,TRUE,TRUE,
DeekshithSN,DeekshithSN/Helm_charts,2020-04-03T06:46:00Z,37,37,Mustache,TRUE,TRUE,
connectit2anand,connectit2anand/anandBus,2023-08-26T10:49:06Z,0,0,JavaScript,TRUE,TRUE,
adityaoberai,adityaoberai/.NET-Appwrite-Todo-API,2023-07-07T10:07:12Z,3,3,C#,TRUE,TRUE,bsd-3-clause
DeekshithSN,DeekshithSN/calculator,2023-09-03T01:48:06Z,1,1,,TRUE,TRUE,
DeekshithSN,DeekshithSN/cart,2023-09-03T01:47:21Z,1,1,,TRUE,TRUE,
pranavhunagund1993,pranavhunagund1993/3D-Boxes-Background,2023-09-02T13:11:06Z,1,1,CSS,TRUE,TRUE,
pranavhunagund1993,pranavhunagund1993/Animated-Countdown,2023-08-27T12:47:10Z,1,1,CSS,TRUE,TRUE,
knadh,knadh/indic.page,2020-11-22T08:22:08Z,55,55,HTML,TRUE,FALSE,cc-by-sa-4.0
pranavhunagund1993,pranavhunagund1993/Auto-Text-Effect,2023-08-23T13:52:52Z,1,1,CSS,TRUE,TRUE,
SoumyaSagnik,SoumyaSagnik/Blogs,2023-01-15T00:14:01Z,1,1,JavaScript,TRUE,TRUE,
pranavhunagund1993,pranavhunagund1993/Content-Placeholder,2023-08-18T06:30:09Z,2,2,CSS,TRUE,TRUE,
adityaoberai,adityaoberai/BDotNetUG-Serverless-Demo,2023-08-17T13:00:33Z,0,0,C#,TRUE,TRUE,
aashutoshrathi,aashutoshrathi/awesome-generative-ai,2023-08-14T17:50:12Z,0,0,,TRUE,TRUE,cc0-1.0
pranavhunagund1993,pranavhunagund1993/Button-Ripple-Effect,2023-08-14T13:24:28Z,1,1,CSS,TRUE,TRUE,
connectit2anand,connectit2anand/WebApplication,2023-08-14T07:34:26Z,0,0,Java,TRUE,TRUE,
pranavhunagund1993,pranavhunagund1993/book-renting-app,2023-08-11T05:22:35Z,3,3,JavaScript,TRUE,TRUE,
pranavhunagund1993,pranavhunagund1993/Background-slider,2023-08-12T12:03:30Z,1,1,HTML,TRUE,TRUE,
SoumyaSagnik,SoumyaSagnik/Dictionary,2023-07-15T14:59:17Z,0,0,,TRUE,TRUE,
theapache64,theapache64/android-jacoco,2023-08-11T12:39:25Z,0,0,Groovy,TRUE,TRUE,apache-2.0
krishnadey30,krishnadey30/APP-MONSTER,2018-04-15T14:04:21Z,1,1,,TRUE,TRUE,
pranavhunagund1993,pranavhunagund1993/Animated-Navigation,2023-08-07T11:47:43Z,2,2,CSS,TRUE,TRUE,
SoumyaSagnik,SoumyaSagnik/Code-Snippets,2023-07-08T15:04:32Z,0,0,,TRUE,TRUE,
mitesh77,mitesh77/image_picker_plus,2023-09-22T21:07:13Z,1,1,,TRUE,TRUE,agpl-3.0
pranavhunagund1993,pranavhunagund1993/Blurry-Loading,2023-07-29T06:58:27Z,0,0,CSS,TRUE,TRUE,
sadanandpai,sadanandpai/marinesystem-angular,2020-04-18T09:54:28Z,2,2,TypeScript,TRUE,TRUE,
SoumyaSagnik,SoumyaSagnik/Js-Algo-Questions,2023-01-14T00:16:43Z,1,1,JavaScript,TRUE,TRUE,
pranavhunagund1993,pranavhunagund1993/Contact-Us-Page-Design,2023-07-10T12:31:42Z,1,1,CSS,TRUE,TRUE,
DeekshithSN,DeekshithSN/cheatsheet,2019-01-21T16:52:28Z,148,148,Shell,TRUE,TRUE,
connectit2anand,connectit2anand/connectit2anand.github.io,2023-06-05T14:30:15Z,0,0,CSS,TRUE,TRUE,
connectit2anand,connectit2anand/AbhiBusClone,2023-07-01T02:57:45Z,1,1,Java,TRUE,TRUE,
pranavhunagund1993,pranavhunagund1993/Calculator-Project,2023-07-01T14:06:02Z,3,3,HTML,TRUE,TRUE,
pranavhunagund1993,pranavhunagund1993/Card-Design,2023-06-26T14:39:59Z,2,2,HTML,TRUE,TRUE,
pranavhunagund1993,pranavhunagund1993/Calender-Project,2023-06-24T15:36:40Z,3,3,HTML,TRUE,TRUE,
adityaoberai,adityaoberai/AppwriteAuthDemo,2023-05-22T18:24:18Z,3,3,Svelte,TRUE,TRUE,
dhruvmanila,dhruvmanila/oil.nvim,2023-06-16T09:21:13Z,0,0,,TRUE,FALSE,mit
aashutoshrathi,aashutoshrathi/chrome-aws-lambda,2023-11-20T21:27:27Z,0,0,,TRUE,TRUE,mit
connectit2anand,connectit2anand/PrecizeAssignment,2023-06-10T17:43:08Z,1,1,Java,TRUE,TRUE,
DeekshithSN,DeekshithSN/Devops_interview_questions,2020-09-10T16:29:40Z,157,157,HTML,TRUE,TRUE,
sadanandpai,sadanandpai/algo-visualizer,2022-11-27T14:35:14Z,2,2,TypeScript,TRUE,TRUE,
aashutoshrathi,aashutoshrathi/chakra-ui,2023-03-07T00:47:10Z,1,1,,TRUE,TRUE,mit
knadh,knadh/go-i18n,2023-06-03T14:44:05Z,17,17,Go,TRUE,TRUE,mit
aakashns,aakashns/genhack-workshop-live,2023-05-27T09:46:23Z,0,0,,TRUE,TRUE,mit
aakashns,aakashns/chatgpt-discord-bot-test,2023-05-25T07:34:42Z,0,0,,TRUE,TRUE,mit
SoumyaSagnik,SoumyaSagnik/Interactive-Carousel,2022-11-08T22:17:34Z,1,1,HTML,TRUE,TRUE,
connectit2anand,connectit2anand/FinishLine-Clone,2023-06-20T09:00:45Z,1,1,,TRUE,TRUE,
connectit2anand,connectit2anand/connectit2anand.github.io.bck,2023-05-15T17:58:20Z,0,0,HTML,TRUE,TRUE,
theapache64,theapache64/ambient-IDE,2023-02-06T17:32:52Z,4,4,Kotlin,TRUE,TRUE,apache-2.0
connectit2anand,connectit2anand/Product-Management-System,2023-05-03T14:22:51Z,3,3,Java,TRUE,TRUE,
raisedadead,raisedadead/exercism-practice,2022-10-28T18:31:07Z,2,2,Go,TRUE,TRUE,
aakashns,aakashns/buildaiapps-live,2023-05-10T14:09:19Z,0,0,TypeScript,TRUE,TRUE,mit
smilegupta,smilegupta/Angular-Tic-Tac-Toe,2020-03-20T18:13:37Z,1,1,TypeScript,TRUE,TRUE,
smilegupta,smilegupta/BirthdayWishes,2020-05-29T04:43:45Z,71,71,HTML,TRUE,TRUE,
adityaoberai,adityaoberai/.github,2022-07-25T16:01:45Z,0,0,,TRUE,FALSE,
adityaoberai,adityaoberai/awesome-appwrite,2021-12-14T16:37:57Z,1,1,,TRUE,TRUE,
probelalkhan,probelalkhan/android-ml-kit-vision,2023-03-08T07:28:11Z,9,9,Kotlin,TRUE,TRUE,
ragunathjawahar,ragunathjawahar/BugsZero-Kata,2023-04-25T03:56:50Z,0,0,,TRUE,TRUE,
ajeetraina,ajeetraina/.github,2023-04-25T07:39:31Z,0,0,,TRUE,TRUE,
SoumyaSagnik,SoumyaSagnik/Design-Showcase,2023-02-15T14:49:09Z,2,2,JavaScript,TRUE,TRUE,
aagarwal1012,aagarwal1012/blog,2018-03-28T19:49:13Z,1,1,HTML,TRUE,TRUE,
ragunathjawahar,ragunathjawahar/awesome-legacy-code,2023-04-23T06:31:06Z,0,0,,TRUE,FALSE,cc0-1.0
connectit2anand,connectit2anand/rishavchanda,2023-04-23T15:52:49Z,1,1,,TRUE,TRUE,
sadanandpai,sadanandpai/decentralized-autonomous-org,2023-04-12T04:20:43Z,0,0,TypeScript,TRUE,FALSE,mit
paramsiddharth,paramsiddharth/amplify,2022-07-25T10:31:39Z,0,0,JavaScript,TRUE,TRUE,mit
aakashns,aakashns/hbai-e2,2023-04-19T05:43:37Z,0,0,JavaScript,TRUE,TRUE,mit
SoumyaSagnik,SoumyaSagnik/images,2023-01-06T12:51:20Z,1,1,,TRUE,TRUE,
aakashns,aakashns/hbai-e1-practice,2023-04-16T10:27:02Z,0,0,JavaScript,TRUE,TRUE,mit
SoumyaSagnik,SoumyaSagnik/FrontEnd-Code-Editor,2023-01-24T20:40:35Z,1,1,JavaScript,TRUE,TRUE,
sadanandpai,sadanandpai/git-guide,2022-05-29T07:55:55Z,581,581,,TRUE,TRUE,mit
scaleracademy,scaleracademy/BeginnersNovMon2-2022,2022-11-22T10:13:46Z,5,5,Jupyter Notebook,TRUE,TRUE,
connectit2anand,connectit2anand/Prashantomm,2023-04-17T15:45:00Z,1,1,,TRUE,FALSE,
shyvum,shyvum/AutomatingProjectSetUp,2019-12-08T19:25:55Z,3,3,Python,TRUE,TRUE,mit
connectit2anand,connectit2anand/Bus-Reservation-System,2023-03-28T12:19:17Z,4,4,CSS,TRUE,FALSE,
SoumyaSagnik,SoumyaSagnik/Image-Generator,2023-01-03T14:35:19Z,1,1,CSS,TRUE,TRUE,
scaleracademy,scaleracademy/designpatterns,2022-12-02T17:17:34Z,4,4,,TRUE,TRUE,mit
SoumyaSagnik,SoumyaSagnik/Chat-GPT,2022-12-29T11:16:34Z,5,5,JavaScript,TRUE,TRUE,
SoumyaSagnik,SoumyaSagnik/Facebook-Clone,2023-03-25T15:02:18Z,5,5,JavaScript,TRUE,TRUE,
rbhatia46,rbhatia46/3DNavigationBar,2017-05-07T19:06:43Z,0,0,Jupyter Notebook,TRUE,TRUE,
aashutoshrathi,aashutoshrathi/aashutosh.dev,2020-01-26T06:11:20Z,3,3,JavaScript,TRUE,TRUE,mit
collabnix,collabnix/chatgpt-prompts-devops,2023-03-25T05:30:46Z,20,20,,TRUE,TRUE,
dhruvmanila,dhruvmanila/autotyping,2023-03-22T14:38:51Z,0,0,,TRUE,TRUE,
collabnix,collabnix/bme680-jetson-neo4j,2023-03-02T11:41:36Z,6,6,Python,TRUE,TRUE,
SamirPaulb,SamirPaulb/finance-stats,2022-10-11T06:40:26Z,6,6,JavaScript,TRUE,TRUE,
SoumyaSagnik,SoumyaSagnik/2048,2023-03-01T14:51:11Z,1,1,JavaScript,TRUE,TRUE,
SoumyaSagnik,SoumyaSagnik/Design,2023-02-11T17:54:51Z,1,1,JavaScript,TRUE,TRUE,
SamirPaulb,SamirPaulb/developerFolio,2021-05-03T11:39:49Z,12,12,JavaScript,TRUE,TRUE,gpl-3.0
DeekshithSN,DeekshithSN/DeekshithSN,2020-08-02T14:16:12Z,50,50,,TRUE,TRUE,
SoumyaSagnik,SoumyaSagnik/github-readme-stats,2023-01-10T18:23:43Z,1,1,JavaScript,TRUE,FALSE,mit
dhruvmanila,dhruvmanila/go-bookmarks,2021-11-21T13:49:03Z,1,1,Go,TRUE,TRUE,mit
SoumyaSagnik,SoumyaSagnik/Flappy-Bird,2023-02-27T21:14:10Z,1,1,JavaScript,TRUE,TRUE,
collabnix,collabnix/AIOps-tools,2023-02-27T07:46:13Z,0,0,,TRUE,TRUE,
SoumyaSagnik,SoumyaSagnik/Dino-Game,2023-02-26T19:14:00Z,0,0,JavaScript,TRUE,TRUE,
SoumyaSagnik,SoumyaSagnik/Crypto-Market,2022-11-30T18:32:24Z,1,1,CSS,TRUE,TRUE,
shyvum,shyvum/10-04-2021-a-101-show-on-Git-and-GitHub,2021-04-10T09:29:56Z,3,3,,TRUE,TRUE,
scaleracademy,scaleracademy/dsml-beginner-oct-22,2022-10-17T16:15:14Z,9,9,Jupyter Notebook,TRUE,TRUE,
collabnix,collabnix/awesome-swarm,2023-02-17T14:09:49Z,0,0,,TRUE,FALSE,cc0-1.0
SoumyaSagnik,SoumyaSagnik/Frontend-Design-Gaming,2023-02-07T22:48:20Z,1,1,JavaScript,TRUE,TRUE,
knadh,knadh/dirmaker,2021-02-25T13:59:59Z,50,50,Python,FALSE,FALSE,mit
adityaoberai,adityaoberai/awesome-dotnet-maui,2023-01-27T10:22:42Z,0,0,,TRUE,TRUE,
SoumyaSagnik,SoumyaSagnik/Java-Programs,2022-11-10T18:00:09Z,1,1,Java,TRUE,TRUE,
scaleracademy,scaleracademy/ComputerVision,2023-02-02T04:46:46Z,1,1,Jupyter Notebook,TRUE,TRUE,
SoumyaSagnik,SoumyaSagnik/Budget-Tracker,2023-01-28T16:32:54Z,1,1,JavaScript,TRUE,TRUE,
connectit2anand,connectit2anand/Aeropostale-Clone,2023-01-17T15:16:58Z,5,5,HTML,TRUE,TRUE,
aashutoshrathi,aashutoshrathi/awesome-bashrc,2018-10-01T06:39:27Z,192,192,Python,FALSE,TRUE,
SamirPaulb,SamirPaulb/flutter-news-app,2023-01-21T06:46:59Z,8,8,Dart,TRUE,TRUE,
aashutoshrathi,aashutoshrathi/cli,2023-01-17T20:19:14Z,1,1,,TRUE,TRUE,apache-2.0
dhruvmanila,dhruvmanila/charmbracelet-gum,2022-10-02T10:46:09Z,1,1,Go,TRUE,TRUE,mit
paramsiddharth,paramsiddharth/buildspace-ai-avatar-starter,2023-01-08T13:58:06Z,0,0,JavaScript,TRUE,TRUE,
smilegupta,smilegupta/Conference-Finder,2020-03-30T14:07:26Z,1,1,TypeScript,TRUE,TRUE,
SoumyaSagnik,SoumyaSagnik/Code-Help,2023-01-07T14:37:58Z,1,1,HTML,TRUE,TRUE,
Shubham0812,Shubham0812/JobsHunt,2019-09-19T15:30:47Z,4,4,TypeScript,TRUE,TRUE,
sadanandpai,sadanandpai/boggleboard,2020-07-05T14:39:17Z,9,9,Vue,TRUE,TRUE,
scaleracademy,scaleracademy/bookmyshowjan23usmor,2023-01-05T04:12:07Z,0,0,Java,TRUE,TRUE,
SoumyaSagnik,SoumyaSagnik/Flexbox-Visualizer,2023-01-05T17:21:27Z,1,1,JavaScript,TRUE,TRUE,
SoumyaSagnik,SoumyaSagnik/Calculator,2022-12-27T21:24:32Z,1,1,JavaScript,TRUE,TRUE,
ajeetraina,ajeetraina/about,2021-01-01T07:08:37Z,0,0,,TRUE,TRUE,
SamirPaulb,SamirPaulb/demo,2022-03-03T11:50:16Z,10,10,HTML,TRUE,TRUE,
SamirPaulb,SamirPaulb/mysql,2022-02-28T07:02:39Z,19,19,HTML,TRUE,TRUE,
SamirPaulb,SamirPaulb/compress-image,2021-06-20T12:30:20Z,16,16,HTML,TRUE,TRUE,mit
scaleracademy,scaleracademy/blogapi_node_ts,2023-01-01T09:28:56Z,0,0,TypeScript,TRUE,TRUE,
theapache64,theapache64/boil,2020-08-09T03:30:53Z,42,42,Kotlin,TRUE,TRUE,
sadanandpai,sadanandpai/projectportal,2017-11-15T18:09:34Z,3,3,HTML,TRUE,TRUE,
rbhatia46,rbhatia46/Bert-Multi-Label-Text-Classification,2022-12-27T06:52:38Z,0,0,Python,TRUE,TRUE,mit
ajeetraina,ajeetraina/backstage,2022-12-22T01:12:57Z,0,0,,TRUE,FALSE,apache-2.0
adityaoberai,adityaoberai/Appwrite-CosmosDB-CRUD-Function-Sample,2022-11-24T14:08:58Z,1,1,C#,TRUE,TRUE,
scaleracademy,scaleracademy/dsml-aug22-beginner-morning,2022-08-18T03:59:58Z,1,1,Jupyter Notebook,TRUE,TRUE,
SoumyaSagnik,SoumyaSagnik/Clock,2022-12-15T21:49:16Z,1,1,CSS,TRUE,TRUE,
ajeetraina,ajeetraina/awesome-compose,2022-03-05T06:41:29Z,14,14,HTML,TRUE,TRUE,cc0-1.0
SoumyaSagnik,SoumyaSagnik/JavaScript-String-Properties,2022-12-08T22:57:00Z,1,1,HTML,TRUE,TRUE,
adityaoberai,adityaoberai/APOD_UWP,2019-09-14T20:59:52Z,0,0,C#,TRUE,TRUE,
aagarwal1012,aagarwal1012/Debug-Thugs,2018-10-08T08:18:08Z,7,7,Jupyter Notebook,TRUE,TRUE,
knadh,knadh/goyesql,2019-06-27T07:35:54Z,54,54,Go,TRUE,TRUE,bsd-2-clause
collabnix,collabnix/Automation-with-slack,2022-12-01T07:38:22Z,0,0,,TRUE,TRUE,
scaleracademy,scaleracademy/blogapp_springboot_java,2022-05-11T17:30:14Z,3,3,Java,TRUE,TRUE,
scaleracademy,scaleracademy/academy-nov-22-beginner-python-refresher,2022-11-21T16:34:51Z,0,0,,TRUE,TRUE,
ragunathjawahar,ragunathjawahar/kotlin-refactoring-katas,2021-12-18T16:06:34Z,13,13,Kotlin,TRUE,TRUE,
scaleracademy,scaleracademy/academy-oct-22-beginner-python-refresher,2022-10-20T17:31:28Z,4,4,Jupyter Notebook,TRUE,TRUE,
ajeetraina,ajeetraina/ajeetraina,2021-07-27T07:09:00Z,4,4,,TRUE,TRUE,
ragunathjawahar,ragunathjawahar/maestro,2022-09-09T10:36:16Z,0,0,Kotlin,TRUE,FALSE,apache-2.0
vopani,vopani/waveton,2022-05-09T07:24:50Z,99,99,Python,FALSE,FALSE,apache-2.0
adityaoberai,adityaoberai/banana-speak,2022-11-05T15:13:52Z,0,0,CSS,TRUE,TRUE,mit
SamirPaulb,SamirPaulb/django,2022-01-17T16:05:55Z,8,8,HTML,TRUE,TRUE,
adityaoberai,adityaoberai/awesome-appwrite-snippets,2022-10-10T11:14:28Z,0,0,,TRUE,FALSE,mit
paramsiddharth,paramsiddharth/chatur-vani,2022-10-11T18:59:35Z,2,2,Python,TRUE,TRUE,
aakashns,aakashns/deep-learning-workbook,2017-12-27T13:21:50Z,14,14,Jupyter Notebook,TRUE,TRUE,mit
dhruvmanila,dhruvmanila/gitea,2022-07-19T14:41:44Z,1,1,Go,TRUE,FALSE,mit
krishnadey30,krishnadey30/ionic-framework,2022-10-23T07:10:10Z,1,1,,TRUE,TRUE,mit
scaleracademy,scaleracademy/android-mc-20221021,2022-10-21T15:00:16Z,17,17,Kotlin,TRUE,TRUE,
scaleracademy,scaleracademy/beginner1-repeater-oct22,2022-10-20T16:43:41Z,0,0,Jupyter Notebook,TRUE,TRUE,
Shubham0812,Shubham0812/Generic-Network-Layer_iOS,2021-09-01T16:44:31Z,48,48,Swift,TRUE,TRUE,
scaleracademy,scaleracademy/dsml-intermediate-aug-22,2022-08-17T17:13:21Z,4,4,Jupyter Notebook,TRUE,TRUE,
krishnadey30,krishnadey30/Bank-Management-System,2017-12-09T13:02:49Z,9,9,C,TRUE,TRUE,
smilegupta,smilegupta/animation-made-easy,2022-09-11T20:16:34Z,30,30,JavaScript,TRUE,TRUE,
adityaoberai,adityaoberai/appwrite-auth-demo,2022-09-19T14:24:57Z,1,1,Svelte,TRUE,TRUE,
smilegupta,smilegupta/chatloop-frontend,2021-04-29T14:15:41Z,24,24,JavaScript,TRUE,TRUE,
krishnadey30,krishnadey30/blackCofferApp,2019-09-02T16:08:16Z,1,1,Python,TRUE,TRUE,
ajeetraina,ajeetraina/appwrite,2022-09-16T13:10:35Z,0,0,,TRUE,FALSE,bsd-3-clause
scaleracademy,scaleracademy/dsml-july22-intermediate,2022-07-18T19:05:23Z,8,8,Jupyter Notebook,TRUE,TRUE,
SamirPaulb,SamirPaulb/CP-Templates-in-Python,2022-09-10T20:16:10Z,7,7,Python,TRUE,TRUE,apache-2.0
scaleracademy,scaleracademy/all-about-js-8-sept,2022-09-08T03:45:40Z,1,1,JavaScript,TRUE,TRUE,
SamirPaulb,SamirPaulb/Competitive-Programming-Library-in-Python,2022-09-11T21:23:31Z,10,10,,TRUE,TRUE,apache-2.0
collabnix,collabnix/awesome-compose,2022-09-06T05:51:54Z,3,3,,TRUE,FALSE,cc0-1.0
aashutoshrathi,aashutoshrathi/auth0-public-assets,2022-09-08T08:34:58Z,1,1,,TRUE,TRUE,
collabnix,collabnix/cayman,2022-09-05T06:16:22Z,0,0,,TRUE,FALSE,cc0-1.0
ajeetraina,ajeetraina/alfresco-docker-extension,2022-08-25T05:53:46Z,0,0,,TRUE,TRUE,lgpl-3.0
shyvum,shyvum/EasyWeather,2019-08-03T01:34:55Z,28,28,Dart,TRUE,TRUE,mit
collabnix,collabnix/awesome-devsecops,2023-01-21T03:59:36Z,1,1,,TRUE,TRUE,cc0-1.0
collabnix,collabnix/ajeetraina,2022-05-31T09:29:13Z,0,0,,TRUE,TRUE,
knadh,knadh/gtbump,2019-11-26T09:44:35Z,20,20,Python,TRUE,TRUE,mit
adityaoberai,adityaoberai/ADC30Experts,2022-08-16T12:48:21Z,1,1,HTML,TRUE,TRUE,
SamirPaulb,SamirPaulb/Grokking-System-Design,2022-08-02T13:20:43Z,21,21,Shell,TRUE,TRUE,gpl-3.0
dhruvmanila,dhruvmanila/LibCST,2022-08-07T03:17:18Z,1,1,,TRUE,FALSE,other
knadh,knadh/hugo-ink,2019-11-19T06:28:58Z,399,399,HTML,TRUE,TRUE,mit
paramsiddharth,paramsiddharth/actions-test,2022-08-04T17:41:43Z,0,0,,TRUE,TRUE,
scaleracademy,scaleracademy/dsml-intermediate-may22,2022-06-20T15:23:42Z,5,5,Jupyter Notebook,TRUE,TRUE,
DeekshithSN,DeekshithSN/Ansible-tools,2022-03-02T11:02:44Z,7,7,Jinja,TRUE,TRUE,
aashutoshrathi,aashutoshrathi/chakra-ui-docs,2022-07-27T16:50:02Z,1,1,,TRUE,TRUE,
dhruvmanila,dhruvmanila/deepsource-cli,2022-07-13T17:50:21Z,1,1,Go,TRUE,FALSE,bsd-2-clause
shyvum,shyvum/Exercism,2022-07-20T13:19:59Z,2,2,Java,TRUE,TRUE,
aakashns,aakashns/flask-web-codesandbox-test,2022-07-20T09:46:20Z,0,0,,TRUE,TRUE,mit
knadh,knadh/indexed-cache,2021-08-28T09:24:37Z,79,79,JavaScript,FALSE,TRUE,mit
scaleracademy,scaleracademy/DSML-Beginner-Apr22,2022-05-23T17:58:38Z,4,4,Jupyter Notebook,TRUE,TRUE,
dhruvmanila,dhruvmanila/fig-autocomplete,2022-07-10T03:46:19Z,1,1,,TRUE,TRUE,mit
vopani,vopani/sudokuib,2022-01-21T06:59:38Z,3,3,,TRUE,TRUE,apache-2.0
dhruvmanila,dhruvmanila/neogen,2022-06-11T19:18:44Z,1,1,Lua,TRUE,TRUE,gpl-3.0
scaleracademy,scaleracademy/dsml-intermediate-may-22,2022-05-25T14:32:27Z,1,1,Jupyter Notebook,TRUE,TRUE,
vopani,vopani/jaxton,2022-01-05T12:18:46Z,566,566,Jupyter Notebook,TRUE,TRUE,apache-2.0
aagarwal1012,aagarwal1012/Daily-Prophet-AR,2020-03-25T22:14:01Z,24,24,C#,TRUE,TRUE,mit
collabnix,collabnix/cherrybot,2021-09-04T02:59:02Z,3,3,HTML,TRUE,TRUE,apache-2.0
scaleracademy,scaleracademy/dsml-adv-feb-22,2022-06-04T15:00:12Z,0,0,Jupyter Notebook,TRUE,TRUE,
dhruvmanila,dhruvmanila/homebrew-tap,2022-05-29T06:50:48Z,1,1,,TRUE,TRUE,
paramsiddharth,paramsiddharth/chotibachi-hokya,2022-05-22T17:09:45Z,0,0,,TRUE,TRUE,
probelalkhan,probelalkhan/android-login-signup-tutorial,2020-08-30T11:30:37Z,105,105,Kotlin,TRUE,TRUE,
mitesh77,mitesh77/map_ui,2022-05-16T09:33:34Z,1,1,,TRUE,TRUE,
DeekshithSN,DeekshithSN/Ansible,2020-05-06T10:30:22Z,32,32,Shell,TRUE,TRUE,
collabnix,collabnix/biotechhub,2023-01-24T13:49:58Z,0,0,,TRUE,TRUE,mit
aagarwal1012,aagarwal1012/GitHubGraduation-2022,2022-05-03T11:05:48Z,1,1,JavaScript,TRUE,TRUE,
raisedadead,raisedadead/alfred-tor,2017-12-29T19:36:48Z,10,10,Shell,FALSE,FALSE,mit
dhruvmanila,dhruvmanila/gitlinker.nvim,2022-04-07T02:44:32Z,1,1,,TRUE,FALSE,gpl-3.0
collabnix,collabnix/awesomeshowcase,2022-04-05T18:23:31Z,0,0,TypeScript,TRUE,TRUE,other
ajeetraina,ajeetraina/awesome-showcase,2022-04-05T05:49:49Z,0,0,,TRUE,TRUE,
ajeetraina,ajeetraina/awesomeshowcase,2022-04-06T05:43:54Z,0,0,,TRUE,TRUE,other
collabnix,collabnix/awesome-showcase,2022-04-05T14:43:52Z,0,0,,TRUE,TRUE,
aagarwal1012,aagarwal1012/Github-Actions-Flutter,2020-04-06T22:34:26Z,19,19,Dart,TRUE,TRUE,
ragunathjawahar,ragunathjawahar/safe-codegen-upgrade,2022-03-29T16:55:28Z,0,0,Kotlin,TRUE,TRUE,
DeekshithSN,DeekshithSN/appoint-me,2021-12-05T11:01:08Z,3,3,JavaScript,TRUE,TRUE,
dhruvmanila,dhruvmanila/nvim-test,2022-03-21T15:28:31Z,1,1,Lua,TRUE,TRUE,mit
sadanandpai,sadanandpai/react-components,2022-03-10T16:49:25Z,10,10,JavaScript,TRUE,TRUE,
shyvum,shyvum/CoDeath,2018-10-12T19:21:19Z,4,4,HTML,TRUE,TRUE,mit
sadanandpai,sadanandpai/dsa-in-js,2020-06-11T08:43:54Z,22,22,JavaScript,TRUE,TRUE,
scaleracademy,scaleracademy/Dec-Web-Dev-Bootcamp,2021-12-06T12:40:54Z,10,10,HTML,TRUE,TRUE,
scaleracademy,scaleracademy/dev-demo-day-submissions,2022-02-27T10:32:08Z,11,11,,TRUE,TRUE,
ajeetraina,ajeetraina/basic-analytics-dashboard-redis-bitmaps-nodejs,2021-03-31T09:57:48Z,0,0,Vue,TRUE,TRUE,mit
ingenieursaurav,ingenieursaurav/alexa-sample-fire-tv-app-only-integration,2023-01-31T04:50:38Z,0,0,,TRUE,TRUE,other
rbhatia46,rbhatia46/Customer-Lifetime-Value-MachineLearning,2021-11-13T07:56:34Z,1,1,Jupyter Notebook,TRUE,TRUE,
ragunathjawahar,ragunathjawahar/all,2022-01-13T08:57:33Z,5,5,Kotlin,TRUE,TRUE,
adityaoberai,adityaoberai/AzDevSession-VSCode,2022-01-21T13:15:35Z,0,0,C#,TRUE,TRUE,
vopani,vopani/datatableton,2021-07-04T06:37:33Z,268,268,Jupyter Notebook,TRUE,TRUE,apache-2.0
DeekshithSN,DeekshithSN/githubDee,2021-12-20T03:26:57Z,3,3,Dockerfile,TRUE,TRUE,
ragunathjawahar,ragunathjawahar/bench-press,2019-01-13T05:32:51Z,6,6,Kotlin,TRUE,TRUE,
scaleracademy,scaleracademy/chess,2021-11-25T06:46:23Z,0,0,Java,TRUE,TRUE,
aagarwal1012,aagarwal1012/awesome-flutter,2018-06-23T11:20:48Z,2,2,Dart,TRUE,TRUE,
vopani,vopani/Recommendation-Datasets,2021-11-04T05:51:20Z,2,2,,TRUE,TRUE,apache-2.0
SamirPaulb,SamirPaulb/Compiler,2021-03-16T11:54:16Z,14,14,Python,TRUE,TRUE,
Shubham0812,Shubham0812/HabitTracker_UI,2021-10-05T17:01:23Z,59,59,Swift,TRUE,TRUE,apache-2.0
Shubham0812,Shubham0812/Animatify-ios,2020-06-13T11:48:19Z,461,461,Swift,TRUE,TRUE,apache-2.0
paramsiddharth,paramsiddharth/auger,2021-08-10T17:33:16Z,0,0,Go,TRUE,TRUE,apache-2.0
smilegupta,smilegupta/21_Days_of_CP,2019-10-05T17:38:02Z,8,8,C++,TRUE,TRUE,mpl-2.0
sadanandpai,sadanandpai/covid19,2020-03-29T10:59:20Z,1,1,JavaScript,TRUE,TRUE,
aagarwal1012,aagarwal1012/aagarwal1012,2020-07-16T21:49:02Z,1,1,,TRUE,TRUE,
probelalkhan,probelalkhan/android-login-example-using-volley,2015-11-16T16:31:25Z,13,13,Java,TRUE,TRUE,
collabnix,collabnix/banda,2021-10-03T13:09:11Z,1,1,,TRUE,TRUE,mit
dhruvmanila,dhruvmanila/lir.nvim,2021-05-23T09:04:41Z,1,1,Lua,TRUE,FALSE,mit
aashutoshrathi,aashutoshrathi/competitive-programming,2019-06-14T18:10:43Z,4,4,C++,TRUE,TRUE,
ragunathjawahar,ragunathjawahar/CatchUp,2017-11-14T19:12:15Z,0,0,Kotlin,TRUE,TRUE,apache-2.0
paramsiddharth,paramsiddharth/aws-bootstrap,2021-09-06T12:56:41Z,0,0,Shell,TRUE,TRUE,
vopani,vopani/fortyone,2021-04-02T09:19:20Z,108,108,,TRUE,TRUE,apache-2.0
rbhatia46,rbhatia46/Confidence-Interval-Using-Bootstrapping,2021-09-05T18:55:59Z,1,1,Jupyter Notebook,TRUE,TRUE,
DeekshithSN,DeekshithSN/extras,2021-09-03T10:03:33Z,2,2,Dockerfile,TRUE,TRUE,
scaleracademy,scaleracademy/ChattrBox-Android-Firebase-Kotlin,2021-08-22T08:27:09Z,8,8,Kotlin,TRUE,TRUE,
scaleracademy,scaleracademy/bookmyshow,2021-08-11T15:48:05Z,28,28,Java,TRUE,TRUE,
dhruvmanila,dhruvmanila/instant-markdown-d,2021-08-17T12:51:11Z,1,1,CSS,TRUE,TRUE,other
aashutoshrathi,aashutoshrathi/api-screenshot,2021-08-15T07:13:36Z,2,2,JavaScript,TRUE,TRUE,
ragunathjawahar,ragunathjawahar/nope,2021-08-02T18:47:32Z,0,0,Kotlin,TRUE,TRUE,
ragunathjawahar,ragunathjawahar/plaid,2019-09-27T14:03:07Z,0,0,Kotlin,TRUE,FALSE,apache-2.0
SoumyaSagnik,SoumyaSagnik/DreamWorks,2021-07-11T11:15:21Z,1,1,Java,TRUE,TRUE,
Shubham0812,Shubham0812/Calculator_UI,2021-07-13T12:14:02Z,106,106,Swift,TRUE,TRUE,mit
paramsiddharth,paramsiddharth/batch-web-minification-test,2021-07-12T05:35:00Z,0,0,JavaScript,TRUE,TRUE,
dhruvmanila,dhruvmanila/nvim-compe,2021-07-08T17:12:38Z,1,1,,TRUE,TRUE,mit
paramsiddharth,paramsiddharth/canvases-node-backend-tests,2021-07-09T18:23:13Z,0,0,JavaScript,TRUE,TRUE,
smilegupta,smilegupta/all-contributors,2021-07-08T04:33:47Z,2,2,,TRUE,FALSE,mit
mitesh77,mitesh77/getx,2021-07-08T10:06:36Z,9,9,,TRUE,TRUE,mit
dhruvmanila,dhruvmanila/nvim-nonicons,2021-09-12T17:58:45Z,1,1,,TRUE,TRUE,
paramsiddharth,paramsiddharth/aws-summit-emojies,2021-06-29T09:08:43Z,0,0,,TRUE,TRUE,
SamirPaulb,SamirPaulb/Java,2021-01-17T10:41:14Z,42,42,Java,TRUE,TRUE,gpl-3.0
mitesh77,mitesh77/flutter_map,2021-07-02T08:19:19Z,11,11,,TRUE,TRUE,mit
probelalkhan,probelalkhan/android-mvvm-architecture,2019-06-11T12:57:06Z,179,179,Kotlin,TRUE,TRUE,
ajeetraina,ajeetraina/ansh8tu,2021-09-13T17:58:57Z,0,0,,TRUE,TRUE,mit
collabnix,collabnix/basic-redis-leaderboard-demo-java,2021-06-08T12:24:12Z,1,1,,TRUE,TRUE,
paramsiddharth,paramsiddharth/c-buffer-io,2021-05-29T17:48:33Z,0,0,C,TRUE,TRUE,
paramsiddharth,paramsiddharth/c-linking-libraries,2021-05-29T05:35:33Z,0,0,Makefile,TRUE,TRUE,
sadanandpai,sadanandpai/github-issues,2021-01-29T05:48:09Z,4,4,JavaScript,TRUE,TRUE,
dhruvmanila,dhruvmanila/gruvbox-material,2021-05-16T18:05:55Z,0,0,Vim script,TRUE,TRUE,mit
ajeetraina,ajeetraina/banda,2021-06-20T02:37:26Z,0,0,,TRUE,TRUE,apache-2.0
ajeetraina,ajeetraina/all.chat.redis,2021-07-08T04:30:16Z,0,0,,TRUE,TRUE,
ajeetraina,ajeetraina/auctioneer,2021-07-08T05:55:25Z,0,0,,TRUE,TRUE,
DeekshithSN,DeekshithSN/devops_training,2021-05-10T03:41:04Z,4,4,Dockerfile,TRUE,TRUE,
ajeetraina,ajeetraina/backend,2021-08-12T09:43:57Z,1,1,,TRUE,TRUE,
SamirPaulb,SamirPaulb/mypy,2021-03-17T07:58:36Z,15,15,,TRUE,TRUE,other
probelalkhan,probelalkhan/2048-game,2021-05-12T06:14:05Z,2,2,Kotlin,TRUE,TRUE,
dhruvmanila,dhruvmanila/infogami,2021-03-23T09:02:03Z,0,0,Python,TRUE,TRUE,agpl-3.0
smilegupta,smilegupta/chatloop-backend,2021-05-08T17:57:28Z,3,3,JavaScript,TRUE,TRUE,
mitesh77,mitesh77/ant_icons,2021-06-04T11:25:16Z,5,5,,TRUE,TRUE,mit
probelalkhan,probelalkhan/android-dependency-injection,2021-04-18T09:28:04Z,16,16,Kotlin,TRUE,TRUE,
aashutoshrathi,aashutoshrathi/auto-openvpn,2018-06-19T15:09:43Z,18,18,Python,TRUE,TRUE,mit
ingenieursaurav,ingenieursaurav/AIDL,2020-04-12T16:01:38Z,2,2,Java,TRUE,TRUE,
dhruvmanila,dhruvmanila/lz4json,2021-04-26T10:52:09Z,0,0,C,TRUE,TRUE,
ingenieursaurav,ingenieursaurav/AndroidTV-TMS-,2021-04-23T09:51:06Z,0,0,,TRUE,TRUE,
paramsiddharth,paramsiddharth/calculator-react-native,2021-02-10T21:12:25Z,1,1,JavaScript,TRUE,TRUE,
smilegupta,smilegupta/Blog-Cover-Generator,2021-04-15T05:38:41Z,0,0,JavaScript,TRUE,TRUE,
smilegupta,smilegupta/banana-speak,2021-04-09T23:25:31Z,0,0,HTML,TRUE,TRUE,
smilegupta,smilegupta/Component-Library,2021-04-09T16:56:58Z,0,0,HTML,TRUE,TRUE,
collabnix,collabnix/clutch,2021-04-01T17:59:22Z,1,1,,TRUE,TRUE,apache-2.0
ajeetraina,ajeetraina/ama,2022-12-29T12:49:38Z,0,0,,TRUE,FALSE,mit
Shubham0812,Shubham0812/MediumCup_UI,2021-03-29T08:17:33Z,19,19,Swift,TRUE,TRUE,apache-2.0
ragunathjawahar,ragunathjawahar/approvals-jqwik,2021-03-29T07:12:31Z,0,0,Kotlin,TRUE,TRUE,
theapache64,theapache64/Caesar,2016-03-06T14:41:21Z,0,0,Java,TRUE,TRUE,apache-2.0
theapache64,theapache64/blum,2017-06-22T11:56:26Z,1,1,Java,TRUE,TRUE,apache-2.0
shyvum,shyvum/codespaces-workshop,2021-03-27T09:21:09Z,2,2,C#,TRUE,TRUE,
aryan-0077,aryan-0077/Machine-Learning-Collection,2021-04-03T11:42:09Z,16,16,,TRUE,TRUE,mit
DeekshithSN,DeekshithSN/Git,2021-03-26T11:28:31Z,3,3,,TRUE,TRUE,
paramsiddharth,paramsiddharth/bert-qna,2021-03-15T06:36:17Z,0,0,JavaScript,TRUE,TRUE,
Shubham0812,Shubham0812/BookGallery_iOS,2021-03-19T11:00:28Z,8,8,Swift,TRUE,TRUE,
smilegupta,smilegupta/address-hub,2021-03-13T20:32:10Z,1,1,HTML,TRUE,TRUE,
krishnadey30,krishnadey30/lead_manager_react_django,2021-03-14T22:00:09Z,1,1,,TRUE,TRUE,
adityaoberai,adityaoberai/AcademicContent,2020-09-27T07:07:38Z,1,1,Jupyter Notebook,TRUE,TRUE,other
smilegupta,smilegupta/bulletin-board-app,2021-03-03T17:26:49Z,0,0,JavaScript,TRUE,TRUE,
shyvum,shyvum/24-02-2021-Git-101-with-GitHub,2021-02-24T14:58:17Z,3,3,,TRUE,TRUE,
rbhatia46,rbhatia46/Awesome-Data-Science,2020-07-23T19:09:31Z,2,2,,TRUE,TRUE,
aagarwal1012,aagarwal1012/Home-Automation,2018-04-15T09:42:30Z,14,14,Java,TRUE,TRUE,mit
mitesh77,mitesh77/country_pickers,2021-02-18T12:08:05Z,10,10,Dart,TRUE,TRUE,bsd-2-clause
sadanandpai,sadanandpai/funder,2021-02-15T18:22:44Z,9,9,JavaScript,TRUE,TRUE,
shyvum,shyvum/23-02-2021-APIs-101-with-Postman,2021-02-15T12:58:23Z,3,3,HTML,TRUE,TRUE,
sadanandpai,sadanandpai/generators-in-action,2020-12-02T15:10:48Z,4,4,JavaScript,TRUE,TRUE,
vopani,vopani/pychesscom,2021-02-09T08:36:48Z,4,4,Python,TRUE,TRUE,apache-2.0
paramsiddharth,paramsiddharth/codeforcause.org-pledge,2021-02-08T08:07:06Z,0,0,JavaScript,TRUE,TRUE,mit
smilegupta,smilegupta/Amazon-SDE-Test-Series,2021-02-07T16:21:53Z,2,2,,TRUE,TRUE,
shyvum,shyvum/AppScriptFoundation,2021-08-30T14:18:18Z,1,1,,TRUE,TRUE,bsd-3-clause
sadanandpai,sadanandpai/MemoryGame,2021-02-05T17:57:05Z,10,10,JavaScript,TRUE,TRUE,
adityaoberai,adityaoberai/awesome-github-profiles,2021-02-02T06:39:40Z,1,1,,TRUE,FALSE,mit
SamirPaulb,SamirPaulb/griddb,2021-01-18T15:15:01Z,20,20,C++,TRUE,TRUE,
sadanandpai,sadanandpai/mediamonks,2021-01-21T10:23:03Z,2,2,HTML,TRUE,TRUE,
paramsiddharth,paramsiddharth/Bussified,2021-01-28T04:40:59Z,0,0,,TRUE,TRUE,
paramsiddharth,paramsiddharth/archcraft-os.github.io,2021-01-20T08:11:42Z,0,0,,TRUE,FALSE,
DeekshithSN,DeekshithSN/env_based_helm,2021-01-20T03:42:18Z,4,4,,TRUE,TRUE,
paramsiddharth,paramsiddharth/congenial-funicular,2020-12-12T14:21:29Z,0,0,C,TRUE,TRUE,
paramsiddharth,paramsiddharth/codemon,2020-11-30T14:30:38Z,0,0,Python,TRUE,TRUE,
aagarwal1012,aagarwal1012/flutter_vignettes,2019-12-11T17:22:32Z,2,2,,TRUE,TRUE,mit
aagarwal1012,aagarwal1012/jenkins.io,2020-02-05T14:44:31Z,1,1,HTML,TRUE,FALSE,other
aagarwal1012,aagarwal1012/CSN-361-Assignments,2019-07-25T06:32:59Z,3,3,HTML,TRUE,TRUE,
aagarwal1012,aagarwal1012/android-resource-checker,2019-06-11T19:05:37Z,2,2,Java,TRUE,TRUE,mit
aagarwal1012,aagarwal1012/checker-framework,2019-05-21T17:53:37Z,1,1,Java,TRUE,FALSE,other
aagarwal1012,aagarwal1012/Claim-It,2019-03-29T23:44:06Z,2,2,JavaScript,TRUE,TRUE,gpl-3.0
aagarwal1012,aagarwal1012/cctv-recap,2020-08-08T23:35:49Z,1,1,,TRUE,TRUE,bsd-3-clause
aagarwal1012,aagarwal1012/GitHero,2019-03-30T07:09:56Z,1,1,,TRUE,TRUE,
aagarwal1012,aagarwal1012/AnonyTweet,2018-01-03T09:29:13Z,1,1,Java,TRUE,TRUE,mit
aagarwal1012,aagarwal1012/calling_text,2019-07-30T17:15:37Z,1,1,Java,TRUE,TRUE,
aagarwal1012,aagarwal1012/EmojiReactionView,2018-08-14T08:37:56Z,1,1,Java,TRUE,TRUE,mit
aagarwal1012,aagarwal1012/aagarwal1012.github.io,2018-03-28T13:12:04Z,2,2,CSS,TRUE,TRUE,
ajeetraina,ajeetraina/all-contributors,2020-12-16T12:35:42Z,0,0,,TRUE,FALSE,mit
paramsiddharth,paramsiddharth/ci-cd-example2,2020-12-12T14:54:13Z,0,0,HTML,TRUE,TRUE,
paramsiddharth,paramsiddharth/APL-DBMS-Sem3-2020-Final-Project,2020-12-10T07:30:56Z,1,1,Python,TRUE,TRUE,
dhruvmanila,dhruvmanila/gidgethub,2020-11-05T09:57:04Z,0,0,Python,TRUE,FALSE,apache-2.0
smilegupta,smilegupta/breaking-bad,2020-10-16T17:01:38Z,1,1,JavaScript,TRUE,TRUE,
ragunathjawahar,ragunathjawahar/android-saripaar,2012-09-08T11:52:30Z,3221,3221,Java,TRUE,TRUE,apache-2.0
sadanandpai,sadanandpai/ps_xt_assignment,2020-12-01T15:48:06Z,1,1,JavaScript,TRUE,TRUE,
aashutoshrathi,aashutoshrathi/cheatsheets,2020-11-29T10:17:57Z,0,0,,TRUE,TRUE,
krishnadey30,krishnadey30/chapel,2019-03-08T22:49:58Z,1,1,Chapel,TRUE,FALSE,other
paramsiddharth,paramsiddharth/conFusion-react,2020-10-15T10:39:56Z,0,0,JavaScript,TRUE,TRUE,
paramsiddharth,paramsiddharth/conFusion-angular,2020-10-11T03:40:18Z,0,0,TypeScript,TRUE,TRUE,
Shubham0812,Shubham0812/Locate_iOS,2020-11-22T14:05:27Z,8,8,Swift,TRUE,TRUE,
aakashns,aakashns/fa20-lab-starter,2024-05-18T15:57:32Z,0,0,,TRUE,TRUE,
DeekshithSN,DeekshithSN/CKA-Preparation,2020-11-23T13:30:36Z,2,2,,TRUE,TRUE,
aryan-0077,aryan-0077/git-github,2019-07-21T11:08:08Z,3,3,,TRUE,TRUE,
